filename,num_rows,num_columns
chunk_117.npy,2787,6
chunk_103.npy,2018,6
chunk_28.npy,2840,6
chunk_14.npy,2863,6
chunk_261.npy,2486,6
chunk_275.npy,2566,6
chunk_249.npy,2532,6
chunk_248.npy,2306,6
chunk_274.npy,2235,6
chunk_260.npy,2006,6
chunk_15.npy,2084,6
chunk_29.npy,2534,6
chunk_102.npy,2685,6
chunk_116.npy,2276,6
chunk_100.npy,2304,6
chunk_114.npy,2672,6
chunk_128.npy,1937,6
chunk_17.npy,2349,6
chunk_276.npy,2788,6
chunk_262.npy,2802,6
chunk_289.npy,2820,6
chunk_288.npy,2850,6
chunk_263.npy,1970,6
chunk_277.npy,2343,6
chunk_16.npy,2202,6
chunk_129.npy,2023,6
chunk_115.npy,2039,6
chunk_101.npy,2708,6
chunk_139.npy,2300,6
chunk_105.npy,2874,6
chunk_111.npy,2442,6
chunk_12.npy,2842,6
chunk_273.npy,2390,6
chunk_267.npy,2727,6
chunk_266.npy,2602,6
chunk_272.npy,2271,6
chunk_13.npy,2818,6
chunk_110.npy,2064,6
chunk_104.npy,2226,6
chunk_138.npy,2233,6
chunk_112.npy,2156,6
chunk_106.npy,2515,6
chunk_11.npy,2265,6
chunk_39.npy,2168,6
chunk_258.npy,2666,6
chunk_264.npy,2636,6
chunk_270.npy,2216,6
chunk_271.npy,2022,6
chunk_265.npy,2192,6
chunk_259.npy,2703,6
chunk_38.npy,1935,6
chunk_10.npy,2118,6
chunk_107.npy,2889,6
chunk_113.npy,2513,6
chunk_174.npy,2666,6
chunk_88.npy,2771,6
chunk_160.npy,2043,6
chunk_148.npy,2412,6
chunk_63.npy,2302,6
chunk_77.npy,2785,6
chunk_202.npy,2609,6
chunk_216.npy,2662,6
chunk_217.npy,2290,6
chunk_203.npy,2208,6
chunk_76.npy,2250,6
chunk_62.npy,2858,6
chunk_149.npy,2669,6
chunk_89.npy,1960,6
chunk_161.npy,2685,6
chunk_175.npy,2084,6
chunk_163.npy,2033,6
chunk_177.npy,2176,6
chunk_48.npy,2868,6
chunk_74.npy,2385,6
chunk_60.npy,2306,6
chunk_188.npy,2508,6
chunk_8.npy,2679,6
chunk_215.npy,2440,6
chunk_201.npy,2455,6
chunk_229.npy,2060,6
chunk_228.npy,1989,6
chunk_200.npy,2805,6
chunk_214.npy,2518,6
chunk_9.npy,2079,6
chunk_61.npy,2354,6
chunk_189.npy,2042,6
chunk_75.npy,2110,6
chunk_49.npy,2191,6
chunk_176.npy,2872,6
chunk_162.npy,2631,6
chunk_166.npy,2621,6
chunk_172.npy,2277,6
chunk_71.npy,2188,6
chunk_199.npy,2671,6
chunk_65.npy,2207,6
chunk_59.npy,2807,6
chunk_238.npy,2181,6
chunk_210.npy,2419,6
chunk_204.npy,2500,6
chunk_205.npy,2569,6
chunk_211.npy,2701,6
chunk_239.npy,2604,6
chunk_58.npy,2831,6
chunk_64.npy,2834,6
chunk_70.npy,2569,6
chunk_198.npy,2025,6
chunk_173.npy,2143,6
chunk_167.npy,1942,6
chunk_159.npy,2618,6
chunk_99.npy,2383,6
chunk_171.npy,2808,6
chunk_165.npy,2229,6
chunk_66.npy,2546,6
chunk_72.npy,2865,6
chunk_207.npy,2593,6
chunk_213.npy,2050,6
chunk_212.npy,2894,6
chunk_206.npy,2270,6
chunk_73.npy,2601,6
chunk_67.npy,2399,6
chunk_164.npy,2521,6
chunk_98.npy,2018,6
chunk_170.npy,2603,6
chunk_158.npy,2554,6
chunk_155.npy,2216,6
chunk_141.npy,2644,6
chunk_169.npy,2593,6
chunk_81.npy,1948,6
chunk_95.npy,1949,6
chunk_196.npy,2444,6
chunk_182.npy,2543,6
chunk_42.npy,2228,6
chunk_56.npy,2273,6
chunk_2.npy,2855,6
chunk_223.npy,2368,6
chunk_237.npy,2556,6
chunk_236.npy,2059,6
chunk_222.npy,2335,6
chunk_3.npy,2225,6
chunk_57.npy,2840,6
chunk_43.npy,2598,6
chunk_183.npy,2686,6
chunk_197.npy,2417,6
chunk_94.npy,2537,6
chunk_168.npy,2242,6
chunk_80.npy,1988,6
chunk_140.npy,2411,6
chunk_154.npy,2872,6
chunk_142.npy,2486,6
chunk_156.npy,2218,6
chunk_96.npy,2300,6
chunk_82.npy,2005,6
chunk_181.npy,2340,6
chunk_69.npy,2886,6
chunk_195.npy,2321,6
chunk_55.npy,2814,6
chunk_41.npy,2573,6
chunk_1.npy,2746,6
chunk_234.npy,2895,6
chunk_220.npy,2637,6
chunk_208.npy,2122,6
chunk_209.npy,2521,6
chunk_221.npy,2497,6
chunk_235.npy,2460,6
chunk_0.npy,2559,6
chunk_40.npy,2124,6
chunk_54.npy,2426,6
chunk_194.npy,2872,6
chunk_180.npy,2148,6
chunk_68.npy,2151,6
chunk_83.npy,2085,6
chunk_97.npy,2268,6
chunk_157.npy,2698,6
chunk_143.npy,2584,6
chunk_93.npy,2119,6
chunk_87.npy,2259,6
chunk_147.npy,1940,6
chunk_153.npy,2370,6
chunk_50.npy,2802,6
chunk_44.npy,1990,6
chunk_184.npy,2846,6
chunk_190.npy,2365,6
chunk_78.npy,2769,6
chunk_4.npy,2419,6
chunk_219.npy,2069,6
chunk_231.npy,2124,6
chunk_225.npy,1942,6
chunk_224.npy,2764,6
chunk_230.npy,2767,6
chunk_218.npy,2013,6
chunk_5.npy,2406,6
chunk_191.npy,2195,6
chunk_79.npy,2660,6
chunk_185.npy,2749,6
chunk_45.npy,2592,6
chunk_51.npy,2034,6
chunk_152.npy,2412,6
chunk_146.npy,1984,6
chunk_86.npy,2758,6
chunk_92.npy,2838,6
chunk_84.npy,2104,6
chunk_178.npy,2164,6
chunk_90.npy,2555,6
chunk_150.npy,2559,6
chunk_144.npy,2354,6
chunk_47.npy,2053,6
chunk_53.npy,2828,6
chunk_193.npy,2169,6
chunk_187.npy,2634,6
chunk_7.npy,2735,6
chunk_226.npy,2042,6
chunk_232.npy,2431,6
chunk_233.npy,2767,6
chunk_227.npy,2852,6
chunk_6.npy,2031,6
chunk_186.npy,2623,6
chunk_192.npy,2309,6
chunk_52.npy,2466,6
chunk_46.npy,2786,6
chunk_145.npy,2061,6
chunk_151.npy,2749,6
chunk_179.npy,2528,6
chunk_91.npy,2208,6
chunk_85.npy,2818,6
chunk_136.npy,1967,6
chunk_122.npy,2657,6
chunk_21.npy,2850,6
chunk_35.npy,2544,6
chunk_240.npy,2291,6
chunk_254.npy,2589,6
chunk_268.npy,1942,6
chunk_283.npy,2278,6
chunk_297.npy,3563,6
chunk_296.npy,2476,6
chunk_282.npy,2483,6
chunk_269.npy,2242,6
chunk_255.npy,2481,6
chunk_241.npy,2866,6
chunk_34.npy,2005,6
chunk_20.npy,2895,6
chunk_123.npy,2769,6
chunk_137.npy,2242,6
chunk_121.npy,2871,6
chunk_135.npy,2054,6
chunk_109.npy,2183,6
chunk_36.npy,2879,6
chunk_22.npy,2706,6
chunk_257.npy,2681,6
chunk_243.npy,2652,6
chunk_294.npy,1976,6
chunk_280.npy,2727,6
chunk_281.npy,2680,6
chunk_295.npy,2289,6
chunk_242.npy,2682,6
chunk_256.npy,2207,6
chunk_23.npy,2098,6
chunk_37.npy,2096,6
chunk_108.npy,2329,6
chunk_134.npy,2833,6
chunk_120.npy,2860,6
chunk_118.npy,2328,6
chunk_124.npy,2250,6
chunk_130.npy,2762,6
chunk_33.npy,2623,6
chunk_27.npy,2255,6
chunk_252.npy,2762,6
chunk_246.npy,2359,6
chunk_291.npy,2521,6
chunk_285.npy,2196,6
chunk_284.npy,2755,6
chunk_290.npy,2318,6
chunk_247.npy,2418,6
chunk_253.npy,2815,6
chunk_26.npy,2324,6
chunk_32.npy,2004,6
chunk_131.npy,2213,6
chunk_125.npy,2598,6
chunk_119.npy,2875,6
chunk_133.npy,2056,6
chunk_127.npy,2827,6
chunk_24.npy,2287,6
chunk_30.npy,2194,6
chunk_18.npy,2175,6
chunk_279.npy,2584,6
chunk_245.npy,1969,6
chunk_251.npy,2370,6
chunk_286.npy,1941,6
chunk_292.npy,2721,6
chunk_293.npy,2143,6
chunk_287.npy,2894,6
chunk_250.npy,2209,6
chunk_244.npy,2329,6
chunk_278.npy,2506,6
chunk_19.npy,2268,6
chunk_31.npy,2376,6
chunk_25.npy,2555,6
chunk_126.npy,2742,6
chunk_132.npy,2025,6
